Open,High,Low,Close,Volume,Dividends,Stock Splits
980.0,987.6400146484375,968.2344970703125,975.731201171875,2205494,0.0,0.0
