Open,High,Low,Close,Volume,Dividends,Stock Splits
674.8049926757812,680.2899169921875,665.6699829101562,679.0311279296875,11753956,0.0,0.0
