Open,High,Low,Close,Volume,Dividends,Stock Splits
234.14999389648438,238.69000244140625,234.00999450683594,238.3699951171875,30064089,0.0,0.0
