Open,High,Low,Close,Volume,Dividends,Stock Splits
197.36000061035156,198.45950317382812,195.19000244140625,198.10000610351562,7859301,0.0,0.0
