Open,High,Low,Close,Volume,Dividends,Stock Splits
239.01499938964844,240.36000061035156,236.14999389648438,237.07000732421875,16768416,0.0,0.0
