Open,High,Low,Close,Volume,Dividends,Stock Splits
446.69000244140625,446.8800048828125,440.3999938964844,444.5849914550781,11655130,0.0,0.0
